{"cameraMode":{"drawMode":0,"name":"Shaded","section":"Shading Mode"},"sceneLighting":true,"audioPlay":false,"sceneViewState":{"showFog":true,"showMaterialUpdate":false,"showSkybox":true,"showFlares":true,"showImageEffects":true,"showParticleSystems":true},"in2DMode":false,"pivot":{"x":5.187195777893066,"y":0.3382943272590637,"z":1.948282241821289},"rotation":{"x":0.0006984116043895483,"y":-0.987751841545105,"z":-0.004130655899643898,"w":-0.15649712085723878},"size":6.082304000854492,"orthographic":false}